{"usdt": 0.29488799143088906, "dai": 0.8877908848324423, "ycrv": 0.37158246760597524, "tusd": 0.36415081825385576}