{"usdt": 0.294887971870345, "dai": 0.887890773115591, "ycrv": 0.37360189045969056, "tusd": 0.36612985265049675}