{"usdt": 0.29548792919277156, "dai": 0.888290529369669, "ycrv": 0.373601767935638, "tusd": 0.3661297325769252}